time,x,y,z
0.0,7.694184622056564,6.940110225919845,3.2010897004981107
0.025025025025025027,8.04557978703642,11.404484736579857,4.734598247167877
0.05005005005005005,9.29504871135828,15.81599315074244,7.281673265223269
0.07507507507507508,11.246941779251333,20.16989638240347,11.299801854783576
0.1001001001001001,13.674168086204853,23.928477523381893,17.258492935299063
0.12512512512512514,16.20706107514627,25.825974296152268,25.23818412762968
0.15015015015015015,18.25087861115403,24.37606319960226,34.24922289799353
0.1751751751751752,19.057157800420395,18.911835453148914,42.00290240906349
0.2002002002002002,18.132866405952196,11.05069479151237,46.13840859435277
0.22522522522522523,15.61925855311465,3.1055615512066943,46.05682438579314
0.2502502502502503,12.126004605229216,-2.743847733551803,43.08393100590253
0.2752752752752753,8.411883446516057,-6.0331320669409525,39.18168360061342
0.3003003003003003,5.025261530054998,-7.43731893917003,35.55354078412365
0.3253253253253253,2.2131134840092876,-7.800651808624567,32.602069069347316
0.3503503503503504,0.0009732331053715626,-7.705594520222772,30.299922797689483
0.3753753753753754,-1.6816653586678516,-7.4927850672823455,28.50830670664444
0.4004004004004004,-2.9489743910219284,-7.324672296949265,27.08826061396186
0.42542542542542544,-3.9073236248620997,-7.27032602940554,25.949697658351354
0.45045045045045046,-4.659486434948041,-7.359371190139254,25.034683118386216
0.47547547547547553,-5.283241190824498,-7.588622230191829,24.31838388200504
0.5005005005005005,-5.830361471773033,-7.945905633926199,23.796707230873025
0.5255255255255256,-6.34958063714525,-8.410097827125659,23.467394905173343
0.5505505505505506,-6.868927355708235,-8.95511465074025,23.341061549594993
0.5755755755755756,-7.398159753790824,-9.550518484941232,23.434836959924024
0.6006006006006006,-7.9429284410600465,-10.153655208340242,23.75515022691247
0.6256256256256256,-8.499383297658165,-10.71468767526327,24.298630343712006
0.6506506506506506,-9.045438342193865,-11.172243162011775,25.05663052596915
0.6756756756756758,-9.552723477075693,-11.46442052250216,25.995162548353075
0.7007007007007008,-9.988383430396265,-11.538579848880918,27.048479923025262
0.7257257257257258,-10.31780064881814,-11.348493083602316,28.12735451638702
0.7507507507507508,-10.50495499095986,-10.901332456435142,29.124698953458452
0.7757757757757758,-10.522763685935699,-10.25270849981562,29.934313587228953
0.8008008008008008,-10.36762334248209,-9.460073416892362,30.48521406911953
0.8258258258258259,-10.059652081388414,-8.581989206433406,30.74225841982501
0.8508508508508509,-9.629035001415549,-7.703347482683839,30.703142071503283
0.8758758758758759,-9.109671859846914,-6.920302311826804,30.383403068829544
0.9009009009009009,-8.549033035415041,-6.282040763396909,29.821500138985893
0.9259259259259259,-7.990831093818517,-5.819238794029392,29.0827599807917
0.9509509509509511,-7.474929073497578,-5.543136943123347,28.256416416380244
0.9759759759759761,-7.032880354586686,-5.43404721524661,27.392713961725434
1.001001001001001,-6.681606252662462,-5.4762836122493,26.525836718669925
1.026026026026026,-6.431971702899462,-5.653905700235087,25.692496861426836
1.0510510510510511,-6.290084684622412,-5.945122563301673,24.92365552893547
1.0760760760760761,-6.254963236616579,-6.328830497405031,24.244251250644922
1.1011011011011012,-6.321709208344723,-6.801743829668783,23.676514939801155
1.1261261261261262,-6.489792474854764,-7.3547390592565005,23.244337112647333
1.1511511511511512,-6.753987889615803,-7.975194453555689,22.97159222578616
1.1761761761761762,-7.104037531240862,-8.647426607451909,22.882069622045915
1.2012012012012012,-7.525266962489186,-9.352661340897823,22.995500700017807
1.2262262262262262,-8.00644001430376,-10.05571772210825,23.32957841417188
1.2512512512512513,-8.533450237113144,-10.703958094612277,23.90340159734346
1.2762762762762763,-9.080861960979599,-11.241179906917719,24.709107106303968
1.3013013013013013,-9.611731543650428,-11.608089495361098,25.710522199931333
1.3263263263263263,-10.077833822283562,-11.742234457910238,26.843356623383322
1.3513513513513515,-10.438334707821081,-11.589789532584865,28.021502557568486
1.3763763763763766,-10.651628575221476,-11.157331668253441,29.12074302166251
1.4014014014014016,-10.687513621546804,-10.482343559294542,30.029707636736816
1.4264264264264266,-10.539974981613344,-9.620927946032662,30.668383486711306
1.4514514514514516,-10.224076145882645,-8.65373742927341,30.9877825314975
1.4764764764764766,-9.764074147282603,-7.700311169044188,30.97168460067167
1.5015015015015016,-9.206641612484216,-6.844464033216447,30.640945768832204
1.5265265265265267,-8.600891370091754,-6.145727837816871,30.04851919141954
1.5515515515515517,-7.995756407960917,-5.64352513976229,29.278879165599175
1.5765765765765767,-7.43768865421548,-5.337485873820239,28.411697295888256
1.6016016016016017,-6.956349835706249,-5.2117183842622365,27.49244424509052
1.6266266266266267,-6.571214506473595,-5.2525543053054005,26.567297641283744
1.6516516516516517,-6.295588306680104,-5.434599971733216,25.6768676231315
1.6766766766766767,-6.135637658338752,-5.724085852184788,24.855287480966147
1.7017017017017018,-6.0862905370118305,-6.113524650674051,24.123995882529037
1.7267267267267268,-6.145842979588217,-6.596635443674538,23.505481680197867
1.7517517517517518,-6.310711891815083,-7.1638024434152765,23.02386268551611
1.7767767767767768,-6.573754625048238,-7.805344407602774,22.703760132274077
1.8018018018018018,-6.923393467494581,-8.509456908607623,22.56635374828863
1.8268268268268268,-7.354095010663311,-9.25426365767828,22.640284764649625
1.8518518518518519,-7.859856819053528,-10.006329060559544,22.955636216144242
1.876876876876877,-8.422474582878442,-10.719449704859022,23.52418439921225
1.9019019019019021,-9.01143802335896,-11.334624719211346,24.339190160443817
1.9269269269269271,-9.584296715751098,-11.780261504593444,25.375503830242987
1.9519519519519521,-10.10192630522138,-11.984684398153444,26.58008368758218
1.9769769769769772,-10.514361487035915,-11.891371648734879,27.846289976359255
2.002002002002002,-10.775388894794247,-11.480011456972887,29.057439058120472
2.027027027027027,-10.853248277342884,-10.772856152152896,30.09755684904851
2.052052052052052,-10.730130436620005,-9.836633089942843,30.85237794843226
2.0770770770770772,-10.41300448759753,-8.789878856542357,31.25020037509252
2.1021021021021022,-9.934301072906138,-7.7520301416986115,31.278787906603846
2.1271271271271273,-9.339963077209848,-6.816478017394605,30.96324755934788
2.1521521521521523,-8.688529438589157,-6.050006042918063,30.365719938336355
2.1771771771771773,-8.036156340916527,-5.487983899771485,29.571775328992665
2.2022022022022023,-7.428245306214517,-5.139423470734922,28.650318663374346
2.2272272272272273,-6.900210713866482,-4.9912553342920365,27.665881948762234
2.2522522522522523,-6.4763470789973745,-5.008629029007784,26.68142049955633
2.2772772772772774,-6.166990248414114,-5.164212094348885,25.7342134375437
2.3023023023023024,-5.9748718464330075,-5.4434697091794755,24.849369995301377
2.3273273273273274,-5.899998396225152,-5.831416952843611,24.05336803239363
2.3523523523523524,-5.939055931557656,-6.31614018868056,23.369378473643525
2.3773773773773774,-6.0840316417252875,-6.890169401657358,22.81971626840619
2.4024024024024024,-6.334041708575543,-7.54761353760636,22.43067541898996
2.4274274274274275,-6.686423323252584,-8.27616781033469,22.22940881967451
2.4524524524524525,-7.131613439699692,-9.056310305703363,22.2432822806702
2.4774774774774775,-7.653149005844197,-9.8613025965557,22.499873340089852
2.5025025025025025,-8.232258215976378,-10.655344791210515,23.016163561083008
2.5275275275275275,-8.849303655882542,-11.365985632873032,23.805080499059134
2.5525525525525525,-9.472302801874674,-11.911955563703163,24.85611301735984
2.5775775775775776,-10.05701964741347,-12.219290684560125,26.116842763119408
2.6026026026026026,-10.54696470310833,-12.221332755002432,27.49294416726481
2.6276276276276276,-10.886428673078004,-11.858500376446978,28.85801463756724
2.6526526526526526,-11.033210444699959,-11.166320550725544,30.05986343414517
2.677677677677678,-10.95886327135663,-10.237402941323705,30.965513539587544
2.702702702702703,-10.66859944950277,-9.158638317055724,31.497244340656327
2.727727727727728,-10.198991283920401,-8.016652617992497,31.632733183091556
2.752752752752753,-9.589281903721934,-6.955051644028975,31.39201513844428
2.777777777777778,-8.900082558809999,-6.06575551430065,30.81694640761777
2.802802802802803,-8.192233966596081,-5.396100249658103,29.98411165983969
2.827827827827828,-7.519327077022879,-4.9643734496103775,29.006778058990616
2.852852852852853,-6.926445924525251,-4.750466253953228,27.979642730112875
2.877877877877878,-6.4388803974491,-4.721497960948309,26.935229867001922
2.902902902902903,-6.070174750585488,-4.852894690715226,25.916978915790004
2.927927927927928,-5.827541672395257,-5.116171075907987,24.958715917324326
2.9529529529529532,-5.709637965285606,-5.4864055765002,24.085653468595332
2.9779779779779783,-5.71077958846813,-5.958802591543376,23.319909339544495
3.0030030030030033,-5.829257925823003,-6.525651463414315,22.684342303021467
3.0280280280280283,-6.059756276689382,-7.180326616424111,22.204272158649324
3.0530530530530533,-6.393112945675109,-7.917618854879222,21.907467026797754
3.0780780780780783,-6.819188442288931,-8.725788060610597,21.81938444116095
3.1031031031031033,-7.336058522386653,-9.580432483932757,21.978202252786293
3.1281281281281283,-7.933580625896223,-10.442324283590551,22.415434639665225
3.1531531531531534,-8.58844589738176,-11.2537826702184,23.14456535207055
3.1781781781781784,-9.264179186043549,-11.93867390634031,24.161047712556417
3.2032032032032034,-9.917029099078848,-12.408482399670678,25.437758693734466
3.2282282282282284,-10.49423563454925,-12.569046344677485,26.887853517326718
3.2532532532532534,-10.934118754436488,-12.352412775377635,28.385128322442252
3.2782782782782784,-11.184604258812158,-11.745919993281621,29.785071555085107
3.3033033033033035,-11.204491970202719,-10.790857973220565,30.925356570706743
3.3283283283283285,-10.980781414398015,-9.60695888408105,31.674776266377965
3.3533533533533535,-10.534656697021328,-8.3595281379287,31.983538389508162
3.3783783783783785,-9.912207901512906,-7.177299453349732,31.85355179533867
3.4034034034034035,-9.182837474504048,-6.150180054909041,31.33758110864834
3.4284284284284285,-8.414803718222895,-5.352508764065903,30.538387411686312
3.4534534534534536,-7.67012363649427,-4.812646958544167,29.54676525162899
3.4784784784784786,-6.998905473433927,-4.518043489439378,28.450234650906562
3.5035035035035036,-6.435668333664396,-4.42530027791387,27.33383126611745
3.5285285285285286,-5.996907369573934,-4.501446264624647,26.237319321512725
3.5535535535535536,-5.688368004243118,-4.72101102712989,25.192570491359287
3.5785785785785786,-5.51097772454648,-5.0616517972195645,24.227312251213277
3.6036036036036037,-5.458866284888237,-5.507706552428034,23.363494287993184
3.6286286286286287,-5.525005869949771,-6.054535518946057,22.623259626765854
3.6536536536536537,-5.711764144639786,-6.6960816376608285,22.0287248222748
3.6786786786786787,-6.01586886685783,-7.425904959063503,21.60658269878644
3.7037037037037037,-6.427591100910298,-8.237508747917415,21.38841657134225
3.7287287287287287,-6.9313510806724095,-9.123426023730444,21.40942540000614
3.753753753753754,-7.520119188583121,-10.05324319836361,21.69936350936252
3.778778778778779,-8.185907911588252,-10.972289140202808,22.2998794587097
3.8038038038038042,-8.903674038747466,-11.80895433501855,23.22681069206005
3.8288288288288292,-9.63167059461962,-12.47292933519318,24.461574236674984
3.8538538538538543,-10.313208501865548,-12.856477191866578,25.952104147294044
3.8788788788788793,-10.888285738375327,-12.862008879013088,27.592706185834057
3.9039039039039043,-11.283712469061378,-12.437850627399069,29.207367870238276
3.9289289289289293,-11.445835346681298,-11.595155617711313,30.62561096700823
3.9539539539539543,-11.346152834298062,-10.410676418018918,31.691058188446167
3.9789789789789793,-10.981915105768428,-9.040907210106386,32.27921433379606
4.004004004004004,-10.394159254497717,-7.66954227714676,32.36676314108134
4.029029029029029,-9.64572867006114,-6.438913060054212,31.993669603038708
4.054054054054054,-8.815353667598425,-5.44613694225559,31.252196108564352
4.079079079079079,-7.982405329655645,-4.732004474820277,30.26678661583765
4.104104104104104,-7.207757133773222,-4.295231362593434,29.13463795038971
4.129129129129129,-6.536192946339406,-4.106597913785679,27.93876225832969
4.1541541541541545,-5.995309927106563,-4.109770885202753,26.751617347651525
4.1791791791791795,-5.593635064169968,-4.268016037714864,25.609046845339698
4.2042042042042045,-5.3310869627426065,-4.558003127119557,24.536430016257118
4.2292292292292295,-5.20433191199259,-4.9608356053525435,23.55748612743982
4.2542542542542545,-5.205786767547874,-5.4660870493318905,22.692094996511603
4.2792792792792795,-5.328028357109991,-6.071749428797125,21.96179276281269
4.3043043043043046,-5.571164636085224,-6.775624289667333,21.390075265912017
4.32932932932933,-5.931277256235519,-7.5742625090945825,21.006107141789265
4.354354354354355,-6.399488450675033,-8.463143318071012,20.845152284538333
4.37937937937938,-6.96501354912588,-9.429883359166526,20.943078258167528
4.404404404404405,-7.624278217088853,-10.436212775345645,21.344125564011865
4.42942942942943,-8.362510573662075,-11.423103185753908,22.088696036785574
4.454454454454455,-9.147630583520193,-12.305497411891034,23.186698851936622
4.47947947947948,-9.930368887073403,-12.972294441449533,24.617290258116117
4.504504504504505,-10.652087692405587,-13.30221639669298,26.31721673034256
4.52952952952953,-11.233829590221266,-13.18443646516928,28.132558025463815
4.554554554554555,-11.601804800205045,-12.572026075132978,29.877658881307408
4.57957957957958,-11.70017309686618,-11.49913491091718,31.3547438573124
4.604604604604605,-11.497170005770476,-10.087140624314667,32.36753701325095
4.62962962962963,-11.011080933579727,-8.554761971142042,32.83093017236217
4.654654654654655,-10.295672741241038,-7.092387259307149,32.74651951235648
4.67967967967968,-9.433694543481646,-5.829691416960055,32.178791471552906
4.704704704704705,-8.517238652699142,-4.852428735039194,31.259648816239988
4.72972972972973,-7.624370717515512,-4.193556208213353,30.116417925976737
4.754754754754755,-6.817661403463746,-3.830964271916681,28.856437988124654
4.77977977977978,-6.137976264355166,-3.7030936583254843,27.577088133032486
4.804804804804805,-5.603086171007627,-3.7626371901422777,26.323724446185942
4.82982982982983,-5.21704371836346,-3.974141523474553,25.127956703885946
4.854854854854855,-4.978016289403988,-4.308853064015091,24.01501101769817
4.87987987987988,-4.875907495211726,-4.750640343026014,23.003944719616605
4.904904904904905,-4.904217931169331,-5.294112081538658,22.112716564681566
4.92992992992993,-5.062294880843869,-5.935321542132472,21.360417317461362
4.954954954954955,-5.344453995428606,-6.676019086555584,20.772771046902967
4.97997997997998,-5.739903216979611,-7.523702861967418,20.38218164047003
5.005005005005005,-6.241357638256215,-8.478049006573627,20.223961520955594
5.03003003003003,-6.85419860157384,-9.519988161712467,20.344899562248678
5.055055055055055,-7.5714767969557535,-10.614247280401116,20.79351139411762
5.08008008008008,-8.372752428420613,-11.695872457936972,21.607577460395472
5.105105105105105,-9.224494052757512,-12.671816012111123,22.812837824259955
5.13013013013013,-10.079136970333538,-13.417471922255979,24.395216785282592
5.155155155155155,-10.86611045151077,-13.772110002638351,26.276492615244916
5.18018018018018,-11.503391571871322,-13.62041106055835,28.30520101319731
5.205205205205205,-11.9016877176141,-12.899162260183692,30.255735355579162
5.23023023023023,-11.992383292212244,-11.649845074225903,31.869701613644725
5.255255255255255,-11.743514368965878,-10.09513280904047,32.94974037782927
5.28028028028028,-11.178922486803648,-8.429020071300837,33.40058171131863
5.305305305305305,-10.376467343577652,-6.80459415802957,33.23335378764286
5.33033033033033,-9.420271609313303,-5.427950907715596,32.55424840092328
5.355355355355356,-8.411939579514257,-4.399361387320502,31.493276247661534
5.380380380380381,-7.440268145638186,-3.7300774133755366,30.211671861654754
5.405405405405406,-6.5730811654784045,-3.36904409573531,28.858311913342554
5.430430430430431,-5.847137917310125,-3.2580486833104176,27.488827628943852
5.455455455455456,-5.279396194281745,-3.342995894287651,26.15523705570715
5.480480480480481,-4.874287164714133,-3.572712372654216,24.889519318679834
5.505505505505506,-4.622747500736448,-3.918724141694667,23.711439103109207
5.530530530530531,-4.516258905036116,-4.366754067373756,22.636748977888594
5.555555555555556,-4.545657854747128,-4.911297826030969,21.68221917488296
5.580580580580581,-4.69959142846088,-5.557641374714164,20.86686565437391
5.605605605605606,-4.971029548663393,-6.313320744874138,20.214195084186375
5.630630630630631,-5.364777315304834,-7.184444197480767,19.75310187775733
5.655655655655656,-5.881712817096253,-8.170333969588327,19.521543295302294
5.680680680680681,-6.51654165764765,-9.261799486872187,19.56735638765778
5.705705705705706,-7.2578949921579134,-10.439135950576429,19.942499444136892
5.730730730730731,-8.096056516226588,-11.643750179586991,20.699691875392084
5.755755755755756,-9.012800740110764,-12.773805618532938,21.90211803118048
5.780780780780781,-9.961743709543285,-13.697523048141667,23.54947683527846
5.805805805805806,-10.867394993641323,-14.253378107871125,25.57164096112931
5.830830830830831,-11.633108269116793,-14.25964545128625,27.830313913784558
5.855855855855856,-12.157614149998233,-13.625669957768558,30.06818910053108
5.8808808808808815,-12.34632137494179,-12.386494411988966,31.981497343889114
5.9059059059059065,-12.15944573929277,-10.670477401055539,33.33858210545626
5.9309309309309315,-11.604751113430176,-8.724617751918995,33.98333985551448
5.9559559559559565,-10.748410347846423,-6.851140985080175,33.9033052812872
5.9809809809809815,-9.696548642981487,-5.2582256220541215,33.20682130792795
6.0060060060060065,-8.568383606731183,-4.067044845564386,32.082517390503675
6.0310310310310316,-7.475791240743733,-3.282511898526651,30.721962799633506
6.056056056056057,-6.493103447002935,-2.8631730748277677,29.247015633402846
6.081081081081082,-5.668241296216661,-2.7372355517147184,27.75469680958806
6.106106106106107,-5.023385690003622,-2.802018630460063,26.315709630967337
6.131131131131132,-4.553242761405051,-3.0117952354174378,24.951297233323807
6.156156156156157,-4.247438385681923,-3.337494826443672,23.676410904303413
6.181181181181182,-4.093271767338958,-3.7601422484566216,22.504669892416086
6.206206206206207,-4.075226724270037,-4.2760230407392745,21.448220286986825
6.231231231231232,-4.186731362686384,-4.887648693911313,20.520619326214646
6.256256256256257,-4.424192949559784,-5.602729922365072,19.740702090872507
6.281281281281282,-4.78158577135431,-6.435965192105636,19.135438423000203
6.306306306306307,-5.255852592287838,-7.400842589861946,18.73935776924793
6.331331331331332,-5.854999414080957,-8.50123416566132,18.59857059404239
6.356356356356357,-6.580944377525437,-9.72619976786267,18.770240336496872
6.381381381381382,-7.427853041947431,-11.038260789268861,19.31958505044897
6.406406406406407,-8.379573361435346,-12.372954690065221,20.308881011738457
6.431431431431432,-9.4057887635168,-13.599168535837219,21.797792744688344
6.456456456456457,-10.450789262593695,-14.537802551050087,23.792334921619005
6.481481481481482,-11.423597624260214,-14.99423026965034,26.190890213101106
6.506506506506507,-12.205947246171053,-14.76434293873002,28.78883626195598
6.531531531531532,-12.676380864708381,-13.772520112373348,31.25122479115048
6.556556556556557,-12.734718921193375,-12.12251074838118,33.215326582242646
6.581581581581582,-12.356924223422997,-10.013910761584105,34.43729839444338
6.606606606606607,-11.577923623402521,-7.7872681983918675,34.80067894072367
6.631631631631632,-10.502065482710838,-5.776604378511582,34.36671461302336
6.656656656656657,-9.26394470783775,-4.181975605902221,33.3181051042083
6.681681681681682,-8.00370296665956,-3.082968175403137,31.916396676856074
6.706706706706707,-6.832314661159035,-2.427493847645816,30.344673798800446
6.731731731731732,-5.816833826639552,-2.1382402120710697,28.723664401452293
6.756756756756757,-4.993778990880031,-2.1059260970624414,27.139255063954415
6.781781781781782,-4.367120910241593,-2.2390942555713416,25.63110404350591
6.806806806806807,-3.923597662839797,-2.4979809543814784,24.211902148522174
6.831831831831832,-3.647298096539873,-2.8510090529751078,22.89244389710612
6.856856856856857,-3.518603646607713,-3.286215381394668,21.679697133854038
6.881881881881882,-3.523608749822235,-3.8031728894306576,20.58128293372791
6.906906906906907,-3.6548926217447884,-4.408806397037299,19.60798481584219
6.931931931931932,-3.9037446608431954,-5.12041615131634,18.776830152822665
6.956956956956957,-4.26660438983168,-5.958559894313991,18.111772131423464
6.981981981981982,-4.751482517413456,-6.9402415386257745,17.645503583594003
7.007007007007007,-5.364990542983059,-8.077513314986481,17.424652139932963
7.032032032032032,-6.1114451152747815,-9.371404298316424,17.509569545556673
7.057057057057057,-6.987967663443319,-10.795300530119306,17.96474879359966
7.082082082082082,-8.001528979278499,-12.301910312937759,18.906745823674417
7.107107107107107,-9.130933575169566,-13.77869645640388,20.413611551739073
7.132132132132132,-10.317523325456717,-15.036446401811405,22.502323334397794
7.157157157157157,-11.465303109407603,-15.809563914870237,25.128783352656086
7.182182182182182,-12.449736136653003,-15.826220771877102,28.123364718219605
7.207207207207207,-13.109601004896199,-14.928851127873166,31.076993047371616
7.232232232232232,-13.317326289533842,-13.140690997927777,33.56860994640052
7.257257257257257,-13.004052012875524,-10.70064192414926,35.21446625062571
7.282282282282282,-12.191921034564075,-8.06988973854612,35.818658985792396
7.307307307307307,-10.996113700906106,-5.673003328968034,35.45730606077496
7.332332332332332,-9.585102848146768,-3.7660392070118336,34.34252032102731
7.357357357357357,-8.133621943874275,-2.4445095842159974,32.78416126446082
7.382382382382382,-6.775500186814907,-1.66796376124628,31.023338991679537
7.407407407407407,-5.596798628154363,-1.3050508710156712,29.23410404684922
7.4324324324324325,-4.6334819056096705,-1.2241161417974507,27.500427012019205
7.4574574574574575,-3.8877395287181766,-1.3320072700565497,25.85480826875586
7.482482482482483,-3.3458608891867203,-1.558427511910086,24.3111800877438
7.507507507507508,-2.9825268096566275,-1.8637496333636023,22.871793622519867
7.532532532532533,-2.776143115054387,-2.2283650081122897,21.53682707990369
7.557557557557558,-2.7043469336699486,-2.6497886129518173,20.30741056574
7.582582582582583,-2.7462324419544615,-3.140034426000417,19.186948354359316
7.6076076076076085,-2.896595358396152,-3.7120943523061847,18.18167849918016
7.6326326326326335,-3.1542878517210204,-4.385281859067206,17.30343456793484
7.6576576576576585,-3.5178951274518644,-5.187193441211198,16.572119285946737
7.6826826826826835,-3.994443198243828,-6.144643874626431,16.017066646707388
7.7077077077077085,-4.598552589540537,-7.283850357678466,15.680190798975906
7.7327327327327335,-5.343768633250241,-8.621233197804083,15.623754045838538
7.7577577577577586,-6.242121464968996,-10.157278989470548,15.929639724005966
7.782782782782784,-7.3002435900855716,-11.860243991314906,16.702067540149685
7.807807807807809,-8.51757986289398,-13.648775191142105,18.077936594289373
7.832832832832834,-9.855196103254288,-15.342178718841488,20.14830299847829
7.857857857857859,-11.23198137335578,-16.655746775093238,22.947766091606915
7.882882882882884,-12.518574795686572,-17.2374701420472,26.37173027828339
7.907907907907909,-13.524291190969596,-16.73049588502519,30.046327581556486
7.932932932932934,-14.059237448159616,-15.013976952735737,33.444483298616476
7.957957957957959,-13.970582778986534,-12.257583628884571,35.936080775953165
7.982982982982984,-13.231935055490565,-9.082067140010137,37.17055333015999
8.008008008008009,-11.949877196899102,-6.059928976612536,37.12205775716511
8.033033033033034,-10.339453813131431,-3.5317526407421536,36.015893040431116
8.058058058058059,-8.613766884245777,-1.7578578674241747,34.28093255555616
8.083083083083084,-6.962680741145722,-0.7010645402351022,32.27707535666956
8.108108108108109,-5.508452278708027,-0.1769438551647251,30.25517383156747
8.133133133133134,-4.30367040849849,-0.01599461416017922,28.310628626901085
8.158158158158159,-3.3576489758100054,-0.07107218718919334,26.48630750663351
8.183183183183184,-2.6480569826528355,-0.24217086992089953,24.787059710930688
8.208208208208209,-2.1412479336953196,-0.4705235166295254,23.207023498293818
8.233233233233234,-1.7994582616823414,-0.7263854307235896,21.73701673375129
8.258258258258259,-1.5920243338416942,-0.9983274250189456,20.36893653425097
8.283283283283284,-1.495277185793991,-1.2862405582194008,19.096684169091205
8.308308308308309,-1.4851881894486862,-1.6026072072539717,17.91580932507337
8.333333333333334,-1.5511999795883118,-1.9611209953747597,16.824488041902963
8.358358358358359,-1.6894571946979349,-2.3787364456960867,15.823197565861577
8.383383383383384,-1.8980142804012226,-2.8789437160088918,14.915699343439696
8.408408408408409,-2.1828298082940556,-3.487125647641256,14.10965932745093
8.433433433433434,-2.5549866804508827,-4.232904155389958,13.419437251455099
8.458458458458459,-3.0290800217202407,-5.150815882945999,12.869988152888268
8.483483483483484,-3.625612483467124,-6.272193994857856,12.501363477490203
8.508508508508509,-4.369226922089114,-7.653340744587437,12.366808317765246
8.533533533533534,-5.284344735871881,-9.326057360539673,12.555150879900513
8.558558558558559,-6.395070714615141,-11.283038097352115,13.196205999207178
8.583583583583584,-7.723247405715802,-13.477040131955471,14.457587074258614
8.608608608608609,-9.258079269032091,-15.773726902975184,16.52944450272677
8.633633633633634,-10.951787992473902,-17.870096676671277,19.609101656340936
8.65865865865866,-12.66979142859607,-19.295403113649037,23.69426168239187
8.683683683683684,-14.187910481979305,-19.44529797417525,28.532843287367463
8.70870870870871,-15.203726122960948,-17.879371753819708,33.37523171200003
8.733733733733734,-15.444360016291775,-14.630334136333293,37.28115901130656
8.75875875875876,-14.775826416743083,-10.310229043068198,39.459584807684024
8.783783783783784,-13.283869031516481,-5.990729611507307,39.71662980889067
8.80880880880881,-11.239031099499359,-2.4632139175763648,38.425570005684975
8.833833833833834,-8.99633190128984,-0.04841645292873897,36.237509459428665
8.85885885885886,-6.84044689959747,1.3241261301746983,33.76078285153583
8.883883883883884,-4.949528617617815,1.957140633777004,31.343460465064645
8.90890890890891,-3.392887346827895,2.1410982556918006,29.112574994215674
8.933933933933934,-2.169772396926864,2.099033240154365,27.09172572766214
8.95895895895896,-1.2377665558190403,1.9737648470694267,25.259613634238885
8.983983983983984,-0.5422551763617118,1.849264243670869,23.5881408480281
9.00900900900901,-0.02320580338139644,1.770725993228071,22.05351464289971
9.034034034034034,0.37144952507034057,1.7581167741765913,20.63770215397408
9.05905905905906,0.6837347493347138,1.8216796198876033,19.328736908633143
9.084084084084084,0.9510692591159252,1.9653964770369714,18.118525858248436
9.10910910910911,1.2002093766810682,2.1956397820090925,17.003182588658433
9.134134134134134,1.4563391390684226,2.519584407977864,15.981313472696707
9.15915915915916,1.7395774099220844,2.9501369681673504,15.055232740059775
9.184184184184184,2.068484543894242,3.5061173891168504,14.232031741569417
9.20920920920921,2.465364154435391,4.209277727505518,13.52482204093887
9.234234234234235,2.950265989366634,5.091307781329329,12.955746258780989
9.25925925925926,3.545624179973232,6.188531919507608,12.56191364962291
9.284284284284285,4.280220901319003,7.533792907858355,12.400268821490766
9.30930930930931,5.182216451406365,9.152574073868259,12.554475703029452
9.334334334334335,6.280501082373055,11.076802528304869,13.148498539566484
9.35935935935936,7.5895315882258405,13.257592267819875,14.341558718137634
9.384384384384385,9.105234589269587,15.547878357685766,16.326909994559582
9.40940940940941,10.782264391787333,17.685436436962522,19.28177290979344
9.434434434434435,12.499680296713436,19.18053045889797,23.271396256940594
9.45945945945946,14.043882227412952,19.47255340131403,28.038999469642576
9.484484484484485,15.12569880932583,18.033064469945202,32.948267271500264
9.50950950950951,15.446714028405093,14.993218187991049,36.950766912132245
9.534534534534535,14.871202884454323,10.902346285877075,39.28672443245938
9.55955955955956,13.479807272857997,6.537351645481493,39.752947520506204
9.584584584584585,11.50392235233938,2.8723002517803726,38.59178347703284
9.60960960960961,9.276840701341651,0.3214900292358642,36.445462770985635
9.634634634634635,7.107040896625112,-1.1590046563778222,34.00082984748677
9.65965965965966,5.184625414790806,-1.852870184970266,31.57404217690609
9.684684684684685,3.59544044294201,-2.069004990082827,29.326398028180044
9.70970970970971,2.3413249515631236,-2.0438330336965214,27.286024193189412
9.734734734734735,1.3836131035405677,-1.9214468155914628,25.436018401242926
9.75975975975976,0.6668116437225046,-1.791241089144164,23.74867145879442
9.784784784784785,0.13422781822205065,-1.7003604445671614,22.19937272253445
9.80980980980981,-0.2670519057747346,-1.6719520490007858,20.769512051219035
9.834834834834835,-0.5821989814245935,-1.7153192807341657,19.446357195064476
9.85985985985986,-0.8448972423610026,-1.8366517723156626,18.222034642909286
9.884884884884885,-1.0865103521160442,-2.039068481448349,17.09105032333972
9.90990990990991,-1.3292195973397702,-2.3305322352139797,16.05161429754839
9.934934934934935,-1.5937931278908974,-2.722096783548664,15.104760155859884
9.95995995995996,-1.9004230836169822,-3.229140217035998,14.255285361429262
9.984984984984985,-2.2660393472954246,-3.875741867604801,13.513797822575585
10.01001001001001,-2.712271923440367,-4.6894779467086805,12.899208807362804
10.035035035035035,-3.2638429284807393,-5.701873762563208,12.442220844811882
10.06006006006006,-3.9442233997230027,-6.956688137318342,12.189550269270097
10.085085085085085,-4.780962645898156,-8.488272772220311,12.21675987145999
10.11011011011011,-5.804304341967154,-10.310774701556976,12.629633725964608
10.135135135135135,-7.032125449090644,-12.399739774345711,13.571946327199438
10.16016016016016,-8.488191441582401,-14.709020151009412,15.261543898005028
10.185185185185185,-10.140988428380322,-17.016393940439144,17.868919694303912
10.21021021021021,-11.891711110471,-18.897898692988306,21.497780069891768
10.235235235235235,-13.569769744919013,-19.766073658150802,26.121083059660563
10.26026026026026,-14.889060380974385,-19.03929667591983,31.1653358711052
10.285285285285285,-15.544189156520808,-16.474746164853457,35.74430793238145
10.31031031031031,-15.30451739865891,-12.418513798200387,38.867526335123365
10.335335335335335,-14.14996563784446,-7.918296684511197,40.041357149202305
10.36036036036036,-12.285598608501596,-3.9183830962554556,39.40551022167552
10.385385385385385,-10.062933105089245,-0.9050132989460189,37.498939669283246
10.41041041041041,-7.802085097586671,0.9504839557265772,35.05103163834614
10.435435435435435,-5.74164966896532,1.900104492851753,32.547345429952784
10.46046046046046,-3.999604689699183,2.2615781596040163,30.199193097368344
10.485485485485485,-2.6049411966353855,2.301434555346405,28.0686341430839
10.51051051051051,-1.528388362707256,2.2027036824878192,26.14504323575853
10.535535535535535,-0.717208051299763,2.0756007974571142,24.399513327942895
10.56056056056056,-0.11061701888978079,1.9829255922921694,22.804744703222305
10.585585585585585,0.34850785071914636,1.954170797298309,21.338803495789698
10.61061061061061,0.7076383317059428,2.004392179571624,19.987133905328317
10.635635635635635,1.0091064531073226,2.1396758793254116,18.74005319934284
10.66066066066066,1.2835035100220233,2.3669428359129814,17.593000035377443
10.685685685685687,1.5592879308181624,2.6931044663814796,16.54431467513649
10.710710710710712,1.8588896044287826,3.1305059707730885,15.596564154376171
10.735735735735737,2.202431216897888,3.6972870014084194,14.757469813037382
10.760760760760762,2.6135448197674496,4.414114623335843,14.040997729361075
10.785785785785787,3.1127388972169174,5.311531179958461,13.470782915474675
10.810810810810812,3.722559109784881,6.423686502737143,13.085808971321981
10.835835835835837,4.471420939767735,7.77962272418748,12.944653849903196
10.860860860860862,5.386169158851467,9.401311226870826,13.13275488088636
10.885885885885887,6.492783156040378,11.309842569624898,13.775595755286648
10.910910910910912,7.801280699111531,13.443039525817586,15.027881277400864
10.935935935935937,9.302097254943186,15.642467451711841,17.07089519989248
10.960960960960962,10.940708039420368,17.63216108196345,20.056501195447307
10.985985985985987,12.58927434345345,18.927677487988248,24.008447464836856
11.011011011011012,14.03259129992291,19.00829022602191,28.629853003313965
11.036036036036037,14.994706232865578,17.420532141240454,33.27101010997305
11.061061061061062,15.203934108868001,14.375353722551063,36.94810670842827
11.086086086086087,14.558630215152656,10.408307795735011,39.00680287671992
11.111111111111112,13.15316840275126,6.27531847238258,39.296935673717144
11.136136136136138,11.219934811513316,2.8501832440419417,38.08542643461228
11.161161161161163,9.0734000545058,0.48291946252356643,35.98152308074718
11.186186186186188,6.9982788914227765,-0.8881004617446655,33.611032828477384
11.211211211211213,5.166902087661214,-1.5281902272530834,31.25584624501721
11.236236236236238,3.6563807701528,-1.7221578833036693,29.063320120362864
11.261261261261263,2.4667329443851287,-1.6876614725982904,27.060990735258812
11.286286286286288,1.5610458980732589,-1.5572341285603584,25.235529292693176
11.311311311311313,0.8870056049033497,-1.4132145609602396,23.5629525103028
11.336336336336338,0.3918714419517353,-1.2989665667589878,22.02140793980931
11.361361361361363,0.02629979127984705,-1.235076347432961,20.593802858457806
11.386386386386388,-0.25166103366223946,-1.228738181576178,19.26788238513658
11.411411411411413,-0.47252316784904913,-1.2840397502767023,18.03536992863363
11.436436436436438,-0.6646180712029162,-1.401422801660691,16.88964577671003
11.461461461461463,-0.8475757628094982,-1.5850481092613218,15.82669306502158
11.486486486486488,-1.0389572432555432,-1.8414438130315407,14.844114328435841
11.511511511511513,-1.254506928093365,-2.1811393083168165,13.941565292818838
11.536536536536538,-1.5079465243250825,-2.6210384740765753,13.121730216032395
11.561561561561563,-1.8166030177591526,-3.1815260141359256,12.391346849380879
11.586586586586588,-2.198291968151847,-3.8906944911241363,11.762911505438158
11.611611611611613,-2.6720211935069713,-4.785577822965289,11.25832460022323
11.636636636636638,-3.2637087227127246,-5.906327350497179,10.91514862869008
11.661661661661663,-4.003533700860583,-7.29016593187008,10.791825005132278
11.686686686686688,-4.924101228277765,-8.995265917807888,10.974341968847947
11.711711711711713,-6.0564158428143084,-11.048352214896699,11.593765733177825
11.736736736736738,-7.4248687160046885,-13.40691041467284,12.836679265813729
11.761761761761763,-9.03758530365031,-15.952952004156474,14.928758352188764
11.786786786786788,-10.852669249769953,-18.38580445501266,18.118283296864124
11.811811811811813,-12.74988059892879,-20.179827038552432,22.508800172705055
11.836836836836838,-14.483612703760636,-20.634567734435304,27.853311901524375
11.861861861861863,-15.715193158720528,-19.11939174660474,33.407500302280056
11.886886886886888,-16.090166598622066,-15.607141584597699,37.96493987777164
11.911911911911913,-15.434128759793886,-10.742744740823149,40.5744000313634
11.936936936936938,-13.81823432847788,-5.796140173137441,40.904983706342044
11.961961961961963,-11.554422838068014,-1.7886768641254243,39.43654414595514
11.986986986986988,-9.059202489500954,0.8805683453173248,36.987567950284856
12.012012012012013,-6.670862208468286,2.342655374108489,34.27664386655269
12.037037037037038,-4.591107918430929,2.9777493196557776,31.697486792463422
12.062062062062063,-2.890174664578914,3.141711276414544,29.374902158013803
12.087087087087088,-1.5584609935480183,3.0869728337034283,27.31339318272845
12.112112112112113,-0.5413312981796283,2.97342552947826,25.47485046645678
12.137137137137138,0.22550516835190493,2.889236517634061,23.82025640031943
12.162162162162163,0.8112178315524279,2.8843949884920486,22.319692114198993
12.187187187187188,1.2815004295389554,2.9794380233374786,20.953127911075406
12.212212212212213,1.6789367229397434,3.1885952106212914,19.711932919291296
12.237237237237238,2.0465318574708142,3.5203923513652615,18.591944364122533
12.262262262262263,2.4241940304450056,3.9813503552141882,17.59447626982182
12.287287287287288,2.8358596801078475,4.588331506236473,16.73125096245975
12.312312312312313,3.308826475829456,5.3583768020916995,16.020872310745492
12.337337337337338,3.8700334444166162,6.310465501034677,15.492809288446821
12.362362362362363,4.540320470779516,7.470700677616245,15.19320223183603
12.387387387387388,5.342544592596525,8.852151767718741,15.188648387166621
12.412412412412413,6.297840438691264,10.445953423827403,15.562959894240926
12.437437437437438,7.417656180300007,12.220577534092486,16.43970477586769
12.462462462462463,8.698292275687315,14.081493484110165,17.958205820097845
12.487487487487488,10.095780238346702,15.820272844805075,20.211121890099673
12.512512512512513,11.524753868176898,17.120207532301748,23.237531250241954
12.537537537537538,12.8367201451914,17.58950478091974,26.88712303674901
12.562562562562563,13.827721564691892,16.866643724070045,30.742029601824278
12.587587587587588,14.293736141532863,14.857857490949945,34.20320360424109
12.612612612612613,14.088061425189613,11.828376937254097,36.606583676866514
12.637637637637638,13.20385697903174,8.493459781818387,37.649486675922795
12.662662662662663,11.785363297410354,5.379394562491492,37.34220661407948
12.687687687687689,10.062987554717674,2.8777514718753507,36.015101174857435
12.712712712712714,8.26453715253083,1.199230535508934,34.116174023423895
12.737737737737739,6.5786901295811715,0.2389545859454557,32.02779963589181
12.762762762762764,5.116626772613342,-0.20241352258726952,29.95847632836041
12.787787787787789,3.9216301791602963,-0.30644113619658986,27.995105880471623
12.812812812812814,2.9927040969564263,-0.22289625933782228,26.16501116000407
12.837837837837839,2.3001656680874096,-0.04449893637856012,24.46678686143138
12.862862862862864,1.8057065425567305,0.17319758189967507,22.890257138390407
12.887887887887889,1.4702243916937996,0.4034157592790113,21.423778388479363
12.912912912912914,1.2615387423979394,0.6361412899828355,20.057872448023016
12.937937937937939,1.1501831590206768,0.8746636953400272,18.784913664565764
12.962962962962964,1.117820167788052,1.1267240178722018,17.599579136803964
12.987987987987989,1.1517419621165979,1.4045494123958433,16.498074239448513
13.013013013013014,1.2433674762478302,1.7247732961533777,15.478268034953167
13.038038038038039,1.3925262569647574,2.1042989603113993,14.53992755276968
13.063063063063064,1.6018316672234587,2.5648926492324398,13.685698467193285
13.088088088088089,1.878232075105812,3.1323675166253073,12.922232776105519
13.113113113113114,2.234242885404934,3.8365857288293777,12.26074461267697
13.138138138138139,2.6865882152802607,4.713309629929791,11.723121006938193
13.163163163163164,3.256655924047444,5.800322281695567,11.345090982966296
13.188188188188189,3.971599833133575,7.139098492604244,11.181200437842943
13.213213213213214,4.861508863914732,8.793991248563032,11.308370102529425
13.238238238238239,5.954255817709717,10.781888641713746,11.852324779305501
13.263263263263264,7.275173378763407,13.064303100660098,12.99036750497663
13.288288288288289,8.836525322321707,15.540701230236271,14.935892397097208
13.313313313313314,10.59965354356225,17.941584683948776,17.926323427580797
13.338338338338339,12.457896113344695,19.7826809848425,22.082071161824317
13.363363363363364,14.18520884674447,20.408231526861993,27.19905430924311
13.388388388388389,15.46516051882399,19.17922642663171,32.63584870881961
13.413413413413414,15.947580263815004,15.996590997131484,37.24542680938665
13.438438438438439,15.441269988446434,11.390134943800966,40.07830154257506
13.463463463463464,13.979105148538615,6.526886106867936,40.699936635582326
13.488488488488489,11.837905930703865,2.457750501884078,39.490376193526366
13.513513513513514,9.412429961446609,-0.34514992026377067,37.19660993440108
13.538538538538539,7.048292442571126,-1.943155371017101,34.55173614463724
13.563563563563564,4.961501360212566,-2.674255153219881,31.97967801605018
13.588588588588589,3.238616261635395,-2.895949923002505,29.638925197753327
13.613613613613614,1.8808915981286327,-2.865513574070313,27.54915420392501
13.63863863863864,0.8411296727258053,-2.752661459865908,25.679787924335997
13.663663663663664,0.05791876197513712,-2.65197565953419,23.993628033191122
13.68868868868869,-0.5346161659147532,-2.617917658795265,22.460787085962778
13.713713713713714,-1.00156237090114,-2.674175663579498,21.060385450745343
13.73873873873874,-1.3880203979458496,-2.834326410643648,19.781138264175578
13.763763763763764,-1.736567151601501,-3.106442195236768,18.617016102556338
13.78878878878879,-2.0833987305426898,-3.4980562791782894,17.567712706079917
13.813813813813814,-2.4540171887931455,-4.023761083347723,16.64016191972652
13.83883883883884,-2.8764275088085918,-4.698907953711805,15.8471366306873
13.863863863863864,-3.3751596595989497,-5.545165756177928,15.21096044543705
13.88888888888889,-3.97151567049385,-6.589991277029942,14.767884851235069
13.913913913913914,-4.6917602391190565,-7.854315000015562,14.571450377278309
13.93893893893894,-5.559994004992221,-9.347877200695319,14.695713004191827
13.963963963963964,-6.595946963906911,-11.07728058743317,15.251516380831587
13.98898898898899,-7.80510166174658,-12.982303908286394,16.36721002868125
14.014014014014014,-9.173699898173982,-14.91818783276007,18.181895975308596
14.03903903903904,-10.650262568802576,-16.648854905339313,20.804864333408702
14.064064064064064,-12.122623713972581,-17.775715788057017,24.23796502641228
14.08908908908909,-13.412989511787718,-17.88807779262919,28.233025477834076
14.114114114114114,-14.294132229240796,-16.626387899357287,32.26907400039381
14.13913913913914,-14.546032648394343,-14.117222756828216,35.57896452243519
14.164164164164164,-14.065988664966241,-10.809982220743585,37.58366373331488
14.18918918918919,-12.924695682826012,-7.228638840615389,38.110501118034826
14.214214214214214,-11.290797297209433,-4.105999353251057,37.30686627842251
14.23923923923924,-9.420024229204678,-1.8087552233171769,35.58555391415195
14.264264264264265,-7.555829709748531,-0.3821858748732655,33.4926801655821
14.28928928928929,-5.871139341614937,0.36184359004108857,31.325379766079106
14.314314314314315,-4.4520653098426735,0.6432621440680505,29.237483951149393
14.33933933933934,-3.319079634348062,0.6555089238802663,27.287962067473742
14.364364364364365,-2.4520674159309386,0.5270453978046805,25.484629892254173
14.38938938938939,-1.8132419754792177,0.34045208173433295,23.81699280497286
14.414414414414415,-1.3595115809547025,0.1403532508663093,22.270212208278174
14.43943943943944,-1.0501332748745147,-0.0526790105246311,20.831256751975385
14.464464464464465,-0.8501034761829138,-0.23374317404999662,19.489721650627228
14.48948948948949,-0.7339490720839615,-0.4049811612114468,18.23768602672035
14.514514514514515,-0.6804571528997713,-0.5747793940903363,17.068667939390174
14.53953953953954,-0.6773971489744597,-0.7521095558146069,15.977648825421062
14.564564564564565,-0.7161623378837195,-0.948517136124111,14.9604971430682
14.58958958958959,-0.793039586613882,-1.17651539698528,14.01406078714592
14.614614614614615,-0.9087120415241178,-1.4498107571162473,13.136337768192138
14.63963963963964,-1.0659358570973485,-1.785757727047698,12.326972297904682
14.664664664664665,-1.2717378358878753,-2.204030931210051,11.587471467613367
14.68968968968969,-1.5365088142368364,-2.7291467407931638,10.922928045188737
14.714714714714715,-1.8743040713098942,-3.3914024744299778,10.344203983755035
14.73973973973974,-2.3052487587222252,-4.22345444462794,9.872000988798124
14.764764764764765,-2.850096005178057,-5.2796348866440805,9.529275402617566
14.78978978978979,-3.535783081071693,-6.614126922514025,9.367595724597567
14.814814814814815,-4.397779606263848,-8.273388695073493,9.474195596927984
14.83983983983984,-5.4791038752563646,-10.294574645125412,9.971595299375704
14.864864864864865,-6.810940250957927,-12.683455472143791,11.03453118457393
14.88988988988989,-8.42340031544289,-15.397922480870395,12.923062629673254
14.914914914914915,-10.292505674154812,-18.181398157210715,15.897162109741135
14.93993993993994,-12.323079534565922,-20.533633884889806,20.190795865641224
14.964964964964967,-14.303121356907694,-21.69226315407316,25.74916825264322
14.989989989989992,-15.881369861193793,-20.80420307836868,31.93723109602795
15.015015015015017,-16.639270982984574,-17.4750137905054,37.5156062521853
15.040040040040042,-16.267516250150823,-12.410058930545636,41.12066721762181
15.065065065065067,-14.765251308795479,-6.954962740840838,42.14940794957112
15.090090090090092,-12.457569621846584,-2.161104363736788,40.91623061885549
15.115115115115117,-9.771079797600434,1.1200716580323036,38.37112007888934
15.140140140140142,-7.124616605431808,2.9630543063989823,35.46142775914129
15.165165165165167,-4.781592287602404,3.783581345563937,32.682320801595914
15.190190190190192,-2.851729119789559,4.017729524269579,30.215347967436475
15.215215215215217,-1.3321223468360692,3.9812185960362982,28.065092805108563
15.240240240240242,-0.16766544155378327,3.8706094727305755,26.184551781857223
15.265265265265267,0.7175709552363851,3.7975229984658863,24.521550159899245
15.290290290290292,1.3999955582117727,3.8175455960596154,23.03772477426058
15.315315315315317,1.9476819708812456,3.959560902525011,21.709610487386488
15.340340340340342,2.4234618910765526,4.235609668864597,20.525010865237462
15.365365365365367,2.8699977826020686,4.6562693002594076,19.485291409522375
15.390390390390392,3.3278743991291506,5.22943142050824,18.598457663464043
15.415415415415417,3.8317450840666583,5.963832418638805,17.88204322677542
15.440440440440442,4.404941893950549,6.874306442181531,17.367359139131217
15.465465465465467,5.073032470762472,7.967545026653713,17.097633309242738
15.490490490490492,5.857917863872213,9.239599641452951,17.1299439775608
15.515515515515517,6.771034032346936,10.67844687585607,17.548133823821907
15.540540540540542,7.812270344865525,12.22455650938268,18.44124247899901
15.565565565565567,8.966545927411001,13.760827252299258,19.89430524835935
15.590590590590592,10.187337341895091,15.10765945937029,21.9626303026585
15.615615615615617,11.388169069739163,15.98468888985679,24.626873995617363
15.640640640640642,12.441295099861595,16.12525939656238,27.702202819104144
15.665665665665667,13.18633108456343,15.291104414204312,30.83451167574127
15.690690690690692,13.473250397777221,13.522538011110711,33.52386625570632
15.715715715715717,13.212441547509167,11.152288577233787,35.334314444310074
15.740740740740742,12.438374610096384,8.474404231014336,36.08954275403653
15.765765765765767,11.255425870041464,5.909105615566675,35.83153863121827
15.790790790790792,9.823716857741163,3.840305516435647,34.74150603306637
15.815815815815817,8.321855844810507,2.395836678927158,33.12774734025523
15.840840840840842,6.901956482116535,1.5342706384697262,31.340628995180833
15.865865865865867,5.658756320653348,1.1179202336377048,29.513251163426965
15.890890890890892,4.635807017605976,1.016010786370442,27.737272850590625
15.915915915915917,3.8418536207650416,1.1056249886855258,26.05385983466526
15.940940940940942,3.2583367246606314,1.3164808849493639,24.47445847404733
15.965965965965967,2.86067202972225,1.6041539974239694,23.0014598383247
15.990990990990992,2.6206765675512,1.947982915375883,21.63362488322756
16.016016016016017,2.5152386755063714,2.343347890503034,20.36975991127672
16.04104104104104,2.5293149469097713,2.795149581431331,19.210959664118306
16.066066066066067,2.647994461661835,3.3203605247089274,18.161786346842106
16.09109109109109,2.8657095302744513,3.9401006690909033,17.23110325561297
16.116116116116117,3.186426792131911,4.677080786856799,16.433423207168282
16.14114114114114,3.615908114771891,5.559356568194571,15.793111369977476
16.166166166166168,4.164102065287846,6.613994272958806,15.346465603444216
16.19119119119119,4.848281965706349,7.87152882334613,15.145031533548668
16.216216216216218,5.684091005378436,9.34583874029179,15.263363657219223
16.24124124124124,6.683645319740026,11.021158626425533,15.801721281789089
16.266266266266268,7.850026342744967,12.846120789973368,16.876344508672577
16.29129129129129,9.168408168446701,14.688241945980062,18.630560785976947
16.316316316316318,10.5872473467942,16.310619297329097,21.159731083926268
16.34134134134134,11.993220538178997,17.371519048005972,24.423172103992137
16.366366366366368,13.220996270809822,17.46824684286851,28.2143089630784
16.39139139139139,14.05109251337087,16.32153897361032,31.992830193144755
16.416416416416418,14.297178038891627,13.947965444354775,35.141355302008606
16.44144144144144,13.857013061749864,10.720319458148799,37.09454388430578
16.466466466466468,12.773091274841397,7.342489163127324,37.63863599312629
16.49149149149149,11.21682826343967,4.398956530123703,36.9418779536272
16.516516516516518,9.436423610912737,2.190993929764982,35.3730065348653
16.54154154154154,7.6560934101736855,0.7826076754999338,33.38327124818476
16.566566566566568,6.038135593196656,0.034764917310621236,31.28253496726629
16.59159159159159,4.667701787776322,-0.26832309736714516,29.24485637828512
16.616616616616618,3.567996374085965,-0.29307156544800445,27.32754337844989
16.64164164164164,2.725747489277483,-0.16702022424594337,25.545267343329474
16.666666666666668,2.107279443940449,0.03037841133564173,23.891765913471872
16.69169169169169,1.6728043558945895,0.25495440331865193,22.35568997796979
16.716716716716718,1.3852105713210765,0.48703227272703237,20.926062158062074
16.74174174174174,1.214180656628126,0.7212426703902526,19.594133713786487
16.766766766766768,1.1324547167692511,0.9639626285073057,18.352992964456433
16.79179179179179,1.1247598148186522,1.2241249223600812,17.197963143242934
16.816816816816818,1.1800698458568009,1.5154620947914108,16.12582227358689
16.84184184184184,1.292129365416313,1.8553324102184625,15.135117089797825
16.866866866866868,1.4624100377743243,2.2617798667261386,14.22645603579064
16.89189189189189,1.6950010848877466,2.758060743922215,13.403782498910175
16.916916916916918,1.998708836778952,3.3713957159033985,12.675581794213528
16.94194194194194,2.387475436969693,4.133968102548804,12.055621977180412
16.966966966966968,2.8797374587229796,5.0834935942789645,11.570312185501173
16.99199199199199,3.498697618083471,6.259079988201395,11.261566667545628
17.017017017017018,4.2727172107107405,7.7010201508892315,11.193567423037027
17.04204204204204,5.2339983978272935,9.473158525962075,11.45724274453188
17.067067067067068,6.40887722900933,11.57901567249035,12.193749176200242
17.092092092092095,7.816836697077056,13.951145521676192,13.597317690845522
17.117117117117118,9.458769152183505,16.44452845606543,15.8947468337056
17.142142142142145,11.272462751979564,18.70924430125019,19.30197099050856
17.167167167167168,13.114301094414007,20.184269716711235,23.851645879057692
17.192192192192195,14.71903873505301,20.189954989469246,29.19067224290262
17.217217217217218,15.746006760022587,18.21965941336443,34.46896410259762
17.242242242242245,15.878409336443521,14.44040339550746,38.52000926928433
17.26726726726727,15.007164036412535,9.598899769533094,40.55252121454358
17.292292292292295,13.260543767496566,4.926727379469971,40.43256266529906
17.31731731731732,10.970420673970871,1.2873030475003677,38.7185717139698
17.342342342342345,8.534177516029764,-1.0475604136326213,36.23226942571171
17.36736736736737,6.253266503613804,-2.282002286733064,33.58141861282682
17.392392392392395,4.295670255896498,-2.789137557159573,31.08699453947312
17.41741741741742,2.709806752174642,-2.8933941414967235,28.8399639499074
17.442442442442445,1.47600004333276,-2.8173698869928616,26.835636836308588
17.46746746746747,0.5379698044442012,-2.700556787463641,25.037426411195277
17.492492492492495,-0.16801834856933962,-2.619700979149248,23.410462581513933
17.51751751751752,-0.7081548521375104,-2.6161051206769064,21.927805049030724
17.542542542542545,-1.1407398550099042,-2.707594862625669,20.572039629269902
17.56756756756757,-1.507304268279563,-2.9067141288896376,19.334922627075493
17.592592592592595,-1.8503483068584645,-3.219710175985213,18.21164776273374
17.61761761761762,-2.202008819315767,-3.656123838369774,17.204419933088182
17.642642642642645,-2.5868525810756617,-4.23191989794677,16.322378121562608
17.66766766766767,-3.032724150038593,-4.963597039846491,15.581097604429882
17.692692692692695,-3.56273635271255,-5.875603695888346,15.007054823717654
17.71771771771772,-4.198855932352332,-6.994998186633235,14.642230976007284
17.742742742742745,-4.967760526116137,-8.339828266425124,14.546962907552015
17.76776776776777,-5.891889171917065,-9.916105995813528,14.805187017397087
17.792792792792795,-6.989138904247661,-11.718638206725007,15.539486648119212
17.81781781781782,-8.258326300617888,-13.660936752028743,16.88252984241921
17.842842842842845,-9.674869172651032,-15.563684030509611,18.970396579140903
17.86786786786787,-11.169012473913861,-17.14492426080304,21.886580021520622
17.892892892892895,-12.604638135102947,-17.97036242974227,25.561540287592447
17.91791791791792,-13.782647078870058,-17.645052703909087,29.651292483896917
17.942942942942945,-14.471419575220253,-15.894792048963627,33.538539237379254
17.96796796796797,-14.47432223830599,-13.027890229476037,36.463452125323265
17.992992992992995,-13.745617001679342,-9.553403505375881,37.96415202733282
18.01801801801802,-12.403228013915523,-6.0531013346497895,37.99193977998268
18.043043043043046,-10.653281571248218,-3.188444334382363,36.810494326119624
18.06806806806807,-8.755789100199898,-1.2023835780807888,34.885719561125065
18.093093093093096,-6.936416253034585,-0.03881788323081703,32.73994285052657
18.11811811811812,-5.3355331980373,0.5191959265397621,30.585280142787038
18.143143143143146,-4.0145534767035596,0.6880220080933894,28.540872280737897
18.16816816816817,-2.976238567876202,0.6385520547223829,26.641445205494577
18.193193193193196,-2.192639629447637,0.48291985715780866,24.88633207385831
18.21821821821822,-1.622058651259191,0.28875026765000644,23.26188485513188
18.243243243243246,-1.2221876038374428,0.09125346008660534,21.753675261430676
18.26826826826827,-0.9530689299594911,-0.09562811435858848,20.349366582622665
18.293293293293296,-0.78350910209657,-0.2697542489120581,19.039525055958563
18.31831831831832,-0.6892549203384806,-0.435691601033335,17.81669169056559
18.343343343343346,-0.6520479389177987,-0.6022319763219328,16.674895942576597
18.36836836836837,-0.661329941903487,-0.7787259464213728,15.609374976072921
18.393393393393396,-0.7095329590142061,-0.9772242738566801,14.616224624884419
18.41841841841842,-0.794871234883002,-1.2097460658047576,13.692507169619057
18.443443443443446,-0.9182969833093981,-1.4908763520206743,12.836504968398966
18.46846846846847,-1.0836464716101748,-1.838165925390582,12.048163058575362
18.493493493493496,-1.2988490347681976,-2.2717806147024238,11.329382015080641
18.51851851851852,-1.5749558290955044,-2.817490451989367,10.686276198984409
18.543543543543546,-1.9275357973298453,-3.5047731507070363,10.131968323580073
18.56856856856857,-2.376200355123872,-4.372989807193161,9.684318245062434
18.593593593593596,-2.942215573360143,-5.4764750774427355,9.371925923490842
18.61861861861862,-3.6552945981604177,-6.8660807977362825,9.254606741609123
18.643643643643646,-4.553923189224379,-8.5883751528294,9.424164310227152
18.66866866866867,-5.678239860335412,-10.675046288215665,10.006291567009557
18.693693693693696,-7.062915425197696,-13.144551091348418,11.201011479896689
18.71871871871872,-8.729767713958534,-15.91681807122496,13.263495985824514
18.743743743743746,-10.642565548299729,-18.68489589942805,16.461030246236334
18.76876876876877,-12.695911876327198,-20.917332250747776,21.022472213011376
18.793793793793796,-14.646294965462406,-21.7750148193431,26.79376888570367
18.81881881881882,-16.12306897815542,-20.472702383546434,33.03285403233209
18.843843843843846,-16.704397757633213,-16.71164532874947,38.392263825774165
18.86886886886887,-16.117167168510836,-11.488779087384268,41.57617778178863
18.893893893893896,-14.439762154915417,-5.981136085823564,42.14081408596046
18.91891891891892,-12.011873043153383,-1.3988186937574518,40.58119111735769
18.943943943943946,-9.285773295719356,1.6157571236631487,37.88653084578552
18.96896896896897,-6.662881733028424,3.2450358282298373,34.96196763741092
18.993993993993996,-4.377398589357562,3.9249698345314026,32.223645039593244
19.01901901901902,-2.5149378536042866,4.0891320882472115,29.812707265301256
19.044044044044046,-1.0572789624378185,4.025214566848139,27.715223415237237
19.06906906906907,0.05546376617005644,3.915509166017209,25.880869625428275
19.094094094094096,0.9031929451074981,3.8577649344393556,24.25682923382731
19.11911911911912,1.559459165363713,3.9018043471364807,22.808432344980613
19.144144144144146,2.094653053774585,4.072363885932303,21.513376321032304
19.16916916916917,2.5664326970890183,4.380503651050656,20.363105085779477
19.194194194194196,3.0166303667668286,4.836500544385595,19.36068657311681
19.21921921921922,3.4871884303502854,5.446558417540463,18.51538315585943
19.244244244244246,4.008185965280993,6.221956236056671,17.848701213954264
19.26926926926927,4.603559493405682,7.1750175044641225,17.39481127090547
19.294294294294296,5.299754059502076,8.308085558349198,17.199048836974136
19.31931931931932,6.114740240301731,9.617007607930322,17.32566768417077
19.344344344344346,7.056856161464477,11.078567801662402,17.859929435171807
19.36936936936937,8.122326973901679,12.616625889701169,18.88798187354843
19.394394394394396,9.290168882223979,14.104525592997662,20.487301638696888
19.41941941941942,10.502273302716876,15.32952244944282,22.700864127429163
19.444444444444446,11.66356837181592,16.01646825215386,25.467760436133226
19.46946946946947,12.635689534048222,15.914226257412526,28.555219754856957
19.494494494494496,13.26231741950271,14.808093739335009,31.578795697231207
19.51951951951952,13.402858014834667,12.883455122814404,34.02388556600555
19.544544544544546,13.00245774417007,10.46074830822308,35.53224326373884
19.56956956956957,12.125678630478717,7.809500086294171,36.00923267724495
19.594594594594597,10.8803639671003,5.384797589658774,35.52909264525411
19.61961961961962,9.43622026937027,3.4921911022490084,34.2946758232823
19.644644644644647,7.962556231744779,2.216940419416452,32.63131336929489
19.66966966966967,6.598526052642577,1.4842999402993162,30.845037619484984
19.694694694694697,5.422114177787077,1.158982059189653,29.04049203058843
19.71971971971972,4.467956667345857,1.1145678756358717,27.298917630653754
19.744744744744747,3.7373553079469284,1.2397392792695112,25.651866166865247
19.76976976976977,3.209658360955739,1.475171777629271,24.10845208283609
19.794794794794797,2.860336518682916,1.7824406451948396,22.670664301754314
19.81981981981982,2.661803284092756,2.1464971098254773,21.337664684802125
19.844844844844847,2.5940223931506483,2.5653927433218233,20.109369506997638
19.86986986986987,2.6434155121844647,3.0467237237391047,18.988336597869857
19.894894894894897,2.7964918770607032,3.609747861203388,17.98105946976336
19.91991991991992,3.0506406596412114,4.276152463337998,17.09876515175867
19.944944944944947,3.4112368521520335,5.069635190340024,16.359391371378134
19.96996996996997,3.885263739485392,6.0182618397377565,15.792037150258574
19.994994994994997,4.4836511599608695,7.146358019290188,15.438775113109589
20.02002002002002,5.2242867798844665,8.482512032721598,15.359876007226372
20.045045045045047,6.121126651936416,10.030802456939597,15.638645582099706
20.07007007007007,7.18165684482803,11.756008544768001,16.38231845321012
20.095095095095097,8.40188346872081,13.580965394494779,17.71128471048611
20.12012012012012,9.75134904134808,15.330387867911638,19.752593761775113
20.145145145145147,11.159095522860223,16.721264332924058,22.563825674223665
20.17017017017017,12.488970441589306,17.398082145516447,26.024626055519978
20.195195195195197,13.556573852224778,16.982291126556156,29.820365655903686
20.22022022022022,14.146347762918598,15.33666657316984,33.33511929986986
20.245245245245247,14.107704249313889,12.625509879402927,35.976629991777315
20.27027027027027,13.401472336025684,9.323523894409474,37.322470410779616
20.295295295295297,12.124264558380442,6.117787852608658,37.313215445189726
20.32032032032032,10.47679146812968,3.4890086566356953,36.21721759516297
20.345345345345347,8.702285411560158,1.6478756061839541,34.464619650799825
20.37037037037037,7.001044563685601,0.5455104593900231,32.43658510911124
20.395395395395397,5.501720877554294,0.011179069857196283,30.37513642834147
20.42042042042042,4.261206307487754,-0.15923297004750658,28.40303534128095
20.445445445445447,3.2853563209711947,-0.10939426177111011,26.556039605067944
20.47047047047047,2.5514788055101434,0.056658308944407654,24.839197959015294
20.495495495495497,2.0235204073930255,0.2765069558969816,23.24451376382722
20.52052052052052,1.6642939032783737,0.5179425959064379,21.761405299071747
20.545545545545547,1.4397520372182238,0.768618734087861,20.38055978350534
20.57057057057057,1.3204109663449388,1.0302780751962701,19.09470294059906
20.595595595595597,1.2883570887249198,1.3095669266152892,17.898831005496916
20.62062062062062,1.3285273950724072,1.6204386188325441,16.789606295423834
20.645645645645647,1.4331493948661753,1.9798466026825614,15.765737432759687
20.67067067067067,1.6022551273590422,2.4061441213374333,14.828266858517452
20.695695695695697,1.8381790933925284,2.9234780239297824,13.981826407521067
20.72072072072072,2.149209685512192,3.559238092020591,13.235486898732356
20.745745745745747,2.5489549131373854,4.3453311056603585,12.60489201328959
20.77077077077077,3.055223746289483,5.3189404994139595,12.11830334227753
20.795795795795797,3.6902045756836577,6.513203583506641,11.820508444757326
20.82082082082082,4.482380715571141,7.979282272012933,11.77557116946554
20.845845845845847,5.4600179346412565,9.76535935853994,12.079508433153922
20.87087087087087,6.646149097758202,11.857646442725551,12.876182164350077
20.895895895895897,8.05851672637601,14.179362765872677,14.357570700060686
20.92092092092092,9.686817750121657,16.571584163033016,16.73069094967063
20.945945945945947,11.460614214615804,18.65803384397108,20.18995693498703
20.97097097097097,13.223721556432432,19.89615788729605,24.69975537071913
20.995995995995997,14.710575257786505,19.640971018812106,29.86993494650485
21.02102102102102,15.593857263299551,17.507913566122348,34.817926174219934
21.046046046046047,15.598789391570298,13.726645702298363,38.489138562893466
21.07107107107107,14.64991959361606,9.066134923146262,40.198524442898815
21.096096096096097,12.896613975623213,4.675595403549642,39.90773294435691
21.12112112112112,10.6627212965734,1.3015155564841638,38.16814675869474
21.146146146146148,8.320915958078029,-0.8480324650087181,35.74247812905725
21.17117117117117,6.144681233152991,-1.9795648848087133,33.174855188203104
21.196196196196198,4.283874945986554,-2.4422804769799122,30.75201208225328
21.22122122122122,2.7796251578004165,-2.5292995384990093,28.55460386199941
21.246246246246248,1.6116004134708155,-2.447254726866349,26.580677214389286
21.27127127127127,0.7253834597034345,-2.3237759352911658,24.79831087096735
21.296296296296298,0.0629003180778176,-2.2297281557710775,23.176640213740637
21.32132132132132,-0.4383148632373979,-2.203869599096104,21.691339331009956
21.346346346346348,-0.8351331639718198,-2.26154348430715,20.325718562321732
21.371371371371374,-1.1660022013839768,-2.4132865265778785,19.070759631928208
21.396396396396398,-1.468913565636083,-2.6647956487440854,17.920863611889835
21.421421421421424,-1.773461884641453,-3.0243214026702856,16.875509265824817
21.446446446446448,-2.1028616500520125,-3.5058962538209526,15.939316084754195
21.471471471471475,-2.4826675039252666,-4.125305148421834,15.12189006645435
21.496496496496498,-2.933841534566435,-4.907290226465163,14.441109133944503
21.521521521521525,-3.478198328162952,-5.881046444555832,13.927029957437487
21.546546546546548,-4.143081516976863,-7.072880664097197,13.624883964942926
21.571571571571575,-4.954186066666521,-8.511210114459685,13.60243243886141
21.596596596596598,-5.934645498072266,-10.218228752691177,13.958089499442563
21.621621621621625,-7.101130798793147,-12.162267626799014,14.82253672155756
21.646646646646648,-8.458725842086142,-14.253970707220297,16.35061839582515
21.671671671671675,-9.976827493271598,-16.29479800802365,18.709522414006557
21.696696696696698,-11.578010423994996,-17.929302674496327,22.003879362837132
21.721721721721725,-13.098806504246777,-18.69972393371441,26.09794678224214
21.746746746746748,-14.305260158961914,-18.104620965614163,30.58924111648708
21.771771771771775,-14.927431658926128,-15.97873948643769,34.675561992567644
21.796796796796798,-14.780569849192014,-12.581528466387617,37.59014373612912
21.821821821821825,-13.834341463890182,-8.593079774259222,38.845238578786216
21.846846846846848,-12.23885296343194,-4.898004582985067,38.47956811562839
21.871871871871875,-10.26413377373163,-2.043675587728396,36.92823718905879
21.896896896896898,-8.212442645537456,-0.18605996051753215,34.78173763652243
21.921921921921925,-6.305244103479032,0.8274510996715119,32.46853192594647
21.946946946946948,-4.6680875789265635,1.2624325355324717,30.23037363914079
21.971971971971975,-3.3399385431601027,1.3518106275832786,28.15106927312967
21.996996996996998,-2.30886134498151,1.2655684284147992,26.24472413267528
22.022022022022025,-1.5334482669159548,1.112585748294118,24.495463948981357
22.047047047047048,-0.9665846019999054,0.9546546641012986,22.883105066492377
22.072072072072075,-0.5580642914270836,0.8238042999570028,21.389764623537598
22.097097097097098,-0.2632495010946846,0.7314156429952875,20.001352816475237
22.122122122122125,-0.04991632358211262,0.6819188216446173,18.707677080568164
22.147147147147148,0.11060059118285051,0.6736921907880696,17.500547296176475
22.172172172172175,0.2380769816460725,0.7057737435381879,16.373774419349925
22.197197197197198,0.349099709435496,0.7771474975197008,15.322058201672338
22.222222222222225,0.45602022336344467,0.8892727748388791,14.341062910237728
22.24724724724725,0.5691026942492655,1.0462399053173583,13.427277916682975
22.272272272272275,0.6979717797067047,1.254808290795376,12.578083712369084
22.2972972972973,0.8510742876278001,1.5262442903677411,11.792121042261021
22.322322322322325,1.039166707823359,1.8748074197821871,11.069769957051673
22.34734734734735,1.2739922700989408,2.3201413200246495,10.41378025024807
22.372372372372375,1.5684570128546544,2.8892687005778868,9.83068227131566
22.3973973973974,1.9407949854094122,3.6149888915386716,9.333960723392089
22.422422422422425,2.4144906229751015,4.53502120026006,8.947582659616167
22.44744744744745,3.015221300225227,5.70445387697559,8.705242297753655
22.472472472472475,3.7744056487900597,7.182638737228046,8.668493017382076
22.4974974974975,4.731418666586591,9.019880114582694,8.940949012580786
22.522522522522525,5.927630883437007,11.246345044794438,9.668085350771378
22.54754754754755,7.400610289739165,13.866774095823438,11.074277700090327
22.572572572572575,9.168462788325947,16.767934687699682,13.44150746205376
22.5975975975976,11.180090089008008,19.577629233243982,17.0501448298001
22.622622622622625,13.300660716062279,21.668727318326653,22.10199281889881
22.64764764764765,15.240050565334123,22.10135429496796,28.30948268830819
22.672672672672675,16.58315302482794,20.119969336806637,34.726698676096476
22.6976976976977,16.899755755288968,15.649220837928395,39.830611651825144
22.722722722722725,15.974172668617065,10.003587447984508,42.42882889528652
22.74774774774775,13.985045554058082,4.410508247689976,42.31369237945784
22.772772772772775,11.337002263607186,0.0890324094503745,40.24049055827031
22.7977977977978,8.51141866202494,-2.571170197394439,37.30829213421782
22.822822822822825,5.884015979714896,-3.9038787342184396,34.328317741963374
22.84784784784785,3.6496058830635345,-4.3929393206809095,31.634779858096632
22.872872872872875,1.857551232287368,-4.456978705384098,29.302014911016776
22.8978978978979,0.4685495620527358,-4.358795598550906,27.289186312204684
22.922922922922925,-0.5883117659663721,-4.2584925094645705,25.536715541709604
22.94794794794795,-1.397767123676214,-4.236620848773762,23.99194999894502
22.972972972972975,-2.0335499164197213,-4.334338126225307,22.62325572064644
22.997997997998,-2.5676392570571878,-4.570354368767467,21.411385860274507
23.023023023023026,-3.0532050161518485,-4.953906151574136,20.353267983186125
23.04804804804805,-3.5317167858126433,-5.493233463697406,19.456499500189395
23.073073073073076,-4.044272220299657,-6.191964621859157,18.73566248784555
23.0980980980981,-4.61738213727073,-7.05933187122566,18.220149156590384
23.123123123123126,-5.273240327638821,-8.099639446807771,17.951826402105702
23.14814814814815,-6.034369127847427,-9.302282108715783,17.982415781392692
23.173173173173176,-6.911218393211295,-10.64390388533674,18.383286880643947
23.1981981981982,-7.901930757810227,-12.069193654370329,19.239146700469735
23.223223223223226,-8.985864276226355,-13.463423999604748,20.61442338084408
23.24824824824825,-10.120423596822166,-14.658289018861785,22.545404339949243
23.273273273273276,-11.221766923833963,-15.417845464289934,24.989303450735246
23.2982982982983,-12.173795467133356,-15.49416708852092,27.776221191763767
23.323323323323326,-12.839643654937591,-14.732598431086679,30.59246843636905
23.34834834834835,-13.091738240574502,-13.104482009284354,33.01672262111894
23.373373373373376,-12.853978909334142,-10.929126899315822,34.6805214577973
23.3983983983984,-12.143476142275349,-8.542241619318744,35.39920011892329
23.423423423423426,-11.07068640079223,-6.226008400448626,35.19114998504714
23.44844844844845,-9.769175677624702,-4.324084291968758,34.243864309863916
23.473473473473476,-8.398060812066724,-2.9679331180967727,32.80099481365416
23.4984984984985,-7.091099441181126,-2.130707253587993,31.145300611103714
23.523523523523526,-5.938073352761936,-1.7064363455454237,29.43196341412825
23.54854854854855,-4.981807239340287,-1.587479108029675,27.745403327752467
23.573573573573576,-4.236516059394394,-1.6698051212239116,26.13398053282644
23.5985985985986,-3.690572037906444,-1.8841330654089372,24.615641996702724
23.623623623623626,-3.3245183508925678,-2.190842916666325,23.197864996529052
23.64864864864865,-3.1164503804428607,-2.569314823978222,21.884708434623352
23.673673673673676,-3.0439058044769287,-3.0172977029184143,20.679484041109593
23.6986986986987,-3.096006034615081,-3.5392221768182033,19.58723131288303
23.723723723723726,-3.264809297776676,-4.148606996630819,18.617601689427946
23.74874874874875,-3.5419989691187057,-4.86896520131506,17.786403575614507
23.773773773773776,-3.930998231479814,-5.722777384565005,17.116561719723748
23.7987987987988,-4.4413150427069485,-6.732214625555846,16.641372036418534
23.823823823823826,-5.082230217741193,-7.915600933064368,16.41027572987431
23.84884884884885,-5.860033041676713,-9.275200955189522,16.48318909224096
23.873873873873876,-6.787016281520074,-10.803322883301687,16.953852127841998
23.8988988988989,-7.869537522147711,-12.460439871000643,17.93600144197943
23.923923923923926,-9.082668956609377,-14.118752944557428,19.515341541965395
23.94894894894895,-10.369744666249874,-15.561081405535326,21.748659634362987
23.973973973973976,-11.640662760532098,-16.497483565588862,24.639400847271745
23.998998998999,-12.745321685873154,-16.60342937644886,27.958708522276318
24.024024024024026,-13.508143268272681,-15.646697697438857,31.301087519775578
24.04904904904905,-13.76852597012118,-13.629939598982794,34.148210517224626
24.074074074074076,-13.432711136049956,-10.868089438317428,35.99738789920001
24.0990990990991,-12.52793196352397,-7.955729668601333,36.67534113483199
24.124124124124126,-11.194826231103816,-5.302035660137022,36.23281753177016
24.14914914914915,-9.633989190448366,-3.1960873147805473,34.958285543947795
24.174174174174176,-8.033882132897833,-1.7830867257949605,33.212606245163016
24.1991991991992,-6.547513279234289,-0.9745638692912877,31.295307012119014
24.224224224224226,-5.265033783888404,-0.6060394443008744,29.38381889077702
24.24924924924925,-4.220399591524169,-0.5359747005614625,27.549989915868967
24.274274274274276,-3.414589056142155,-0.6449626390115328,25.825029753138164
24.2992992992993,-2.824059620269976,-0.8566935625851373,24.21351071053771
24.324324324324326,-2.419207589450339,-1.1271765828953355,22.712491395049696
24.34934934934935,-2.16782076183932,-1.4369015828747798,21.3168727227876
24.374374374374376,-2.0441550029411237,-1.7820067548316882,20.022331188504214
24.3993993993994,-2.03092812891463,-2.167626412645447,18.826786999306442
24.424424424424426,-2.1114553256908746,-2.610277062226567,17.730806951195735
24.44944944944945,-2.2795880195866793,-3.129481325575991,16.7383137875647
24.474474474474476,-2.5374064706373796,-3.7474063759386755,15.857588158532028
24.4994994994995,-2.8890351088197326,-4.492850914811288,15.104027565139607
24.524524524524526,-3.3450821142629144,-5.396832349260276,14.502019574892763
24.54954954954955,-3.9222423904107258,-6.494082081546763,14.08730153091901
24.574574574574577,-4.639428963878294,-7.813948402997745,13.917744784597936
24.5995995995996,-5.51747031632345,-9.37655049674212,14.07489559846838
24.624624624624627,-6.575302897957727,-11.17991356830476,14.670155172688828
24.64964964964965,-7.823534565947666,-13.17645451070422,15.85033799057525
24.674674674674677,-9.244647643967644,-15.217335916161762,17.765726452317594
24.6996996996997,-10.783577412241577,-17.053793106246495,20.53907808285384
24.724724724724727,-12.32123339926317,-18.24231925197303,24.175101749377106
24.74974974974975,-13.669640376263558,-18.31785062213983,28.417296486027162
24.774774774774777,-14.574932472552574,-16.940134860356714,32.67714279682184
24.7997997997998,-14.807101208499356,-14.14247935618669,36.14757250023049
24.824824824824827,-14.249635939144362,-10.568876647185197,38.184313250163854
24.84984984984985,-12.990225786703858,-6.810297283619253,38.59172018417816
24.874874874874877,-11.233674830311774,-3.5776562856413685,37.61618365032343
24.8998998998999,-9.255489683215085,-1.2701238000078554,35.746550058508475
24.924924924924927,-7.311671580497028,0.12891921773086734,33.53861396678933
24.94994994994995,-5.572591319318819,0.830603278383399,31.29208218657199
24.974974974974977,-4.120248795881569,1.0732589871784244,29.158036954557208
25.0,-2.968135602016881,1.0647186797126962,27.1835147292322
